<?xml version="1.0" encoding="utf-8"?>
<!DOCTYPE hibernate-mapping PUBLIC "-//Hibernate/Hibernate Mapping DTD 3.0//EN"
"http://www.hibernate.org/dtd/hibernate-mapping-3.0.dtd">
<!-- 
    Mapping file autogenerated by MyEclipse Persistence Tools
-->
<hibernate-mapping>
    <class name="com.zkc.entity.Books" table="books" schema="dbo" catalog="libery">
        <id name="id" type="java.lang.Long">
            <column name="id" />
            <generator class="native" />
        </id>
        <property name="name" type="java.lang.String">
            <column name="name" length="50" />
        </property>
        <property name="price" type="java.lang.Double">
            <column name="price" precision="53" scale="0" />
        </property>
        <property name="author" type="java.lang.String">
            <column name="author" length="50" />
        </property>
        <property name="publisher" type="java.lang.String">
            <column name="publisher" length="50" />
        </property>
        <property name="counts" type="java.lang.Integer">
            <column name="counts" />
        </property>
        <property name="path" type="java.lang.String">
            <column name="path" length="50" />
        </property>
    </class>
</hibernate-mapping>
