<?xml version="1.0" encoding="UTF-8"?>
<beans
	xmlns="http://www.springframework.org/schema/beans"
	xmlns:xsi="http://www.w3.org/2001/XMLSchema-instance"
	xmlns:p="http://www.springframework.org/schema/p"
	xsi:schemaLocation="http://www.springframework.org/schema/beans http://www.springframework.org/schema/beans/spring-beans-3.1.xsd http://www.springframework.org/schema/tx http://www.springframework.org/schema/tx/spring-tx.xsd" xmlns:tx="http://www.springframework.org/schema/tx">


<!-- 注，当为数据库加驱动时，这里需要为驱动加上property的属性声明 
     <property name="driverClassName" value="net.sourceforge.jtds.jdbc.Driver"></property>
     -->

	<bean id="dataSource"
		class="org.apache.commons.dbcp.BasicDataSource">
		<property name="driverClassName" value="net.sourceforge.jtds.jdbc.Driver"></property>
		<property name="url"
			value="jdbc:jtds:sqlserver://58.192.23.13:1433;DatabaseName=libery">
		</property>
		<property name="username" value="sa"></property>
		<property name="password" value="hhit123"></property>
	</bean>
	<bean id="sessionFactory"
		class="org.springframework.orm.hibernate4.LocalSessionFactoryBean">
		<property name="dataSource">
			<ref bean="dataSource" />
		</property>
		<property name="hibernateProperties">
			<props>
				<prop key="hibernate.dialect">
					org.hibernate.dialect.SQLServerDialect
				</prop>
			</props>
		</property>
		<property name="mappingResources">
			<list>
				<value>com/zkc/entity/Books.hbm.xml</value></list>
		</property></bean>
	<bean id="transactionManager"
		class="org.springframework.orm.hibernate4.HibernateTransactionManager">
		<property name="sessionFactory" ref="sessionFactory" />
	</bean>
	<tx:annotation-driven transaction-manager="transactionManager" />
	
	<bean 
		id="BooksDAO" class="com.zkc.entity.BooksDAO">
		<property name="sessionFactory">
			<ref bean="sessionFactory" />
		</property>
   </bean>

<bean id="Service" class="com.zkc.service.Service">
       <property name="booksDao">
       <ref bean="BooksDAO"/>
       </property>
</bean>


<bean id="ValidateAction" class="com.zkc.action.ValidateAction">
<property name="service">
<ref bean="Service"/>
</property>
</bean>

<bean id="AddAction" class="com.zkc.action.AddAction">
<property name="service">
<ref bean="Service"/>
</property>
</bean>

<bean id="DeleteAction" class="com.zkc.action.DeleteAction">
<property name="service">
<ref bean="Service"/>
</property>
</bean>

<bean id="SelectAction" class="com.zkc.action.SelectAction">
<property name="service">
<ref bean="Service"/>
</property>
</bean>

<bean id="UpdateAction" class="com.zkc.action.UpdateAction">
<property name="service">
<ref bean="Service"/>
</property>
</bean>

</beans>