<?xml version="1.0" encoding="UTF-8" ?>
<!DOCTYPE struts PUBLIC "-//Apache Software Foundation//DTD Struts Configuration 2.1//EN" "http://struts.apache.org/dtds/struts-2.1.dtd">
<struts>
<package name="m" namespace="/" extends="struts-default">
  <action name="validateAction" class="ValidateAction" method="validate">

   <result name="success">index.jsp</result>
   <result name="fail">f.jsp</result>
   <!-- <result name="loginfail">login-fail.jsp</result> -->
   </action> 
   
   <action name="addAction" class="AddAction" method="add">
   <result name="success">index.jsp</result>
     
   </action>
   
   <action name="deleteAction" class="DeleteAction" method="delete">
   <result name="success">deletesuccess.jsp</result>
   <result name="fail">deletefail.jsp</result>
   
   </action>
   
   <action name="selectAction" class="SelectAction" method="select">
   <result name="success">select-success.jsp</result>
   <result name="fail">select-fail.jsp</result>
   </action>
   
   <action name="beforeupdateAction" class="UpdateAction" method="beforeUpdate">
   <result name="success">update.jsp</result>
   <result name="update-fail">update-fail.jsp</result>
   </action>
  
    <action name="updateAction" class="UpdateAction" method="update">
   <result name="success">index.jsp</result>
   </action>
   
   <action name="rigisterAction" class="RigisterAction" method="rigister">
   <result name="success">rigister-success.jsp</result>
   </action>
   
   </package>
</struts>    
